name_,price,ml_or_leter
Jack Daniel's Old No. 7Small Bottle,£9.95,20cl / 40%
Jack Daniel's Old No.7Half Bottle,£14.95,35cl / 40%
Jim Beam White Label,£18.95,70cl / 40%
Hudson Baby BourbonTuthilltown Distillery 35cl,£19.95,35cl / 46%
Jack Daniel's Old No.7Half Litre,£20.45,50cl / 40%
McAfee's Benchmark No. 8 Straight Bourbon,£20.45,70cl / 40%
Early Times Old Reserve Bourbon,£21.45,70cl / 40%
Kentucky Old Reserve Bourbon,£21.95,75cl / 40%
Sadler's Peaky Blinder Bourbon,£22.25,70cl / 40%
American Eagle Tennessee Bourbon 4 Year Old,£22.95,70cl / 40%
Old Forester Bourbon,£23.95,70cl / 43%
Wild Turkey 81 Proof Bourbon,£23.95,70cl / 40.5%
Four Roses Original(Yellow Label) Bourbon,£23.95,70cl / 40%
Jack Daniel's Old No.7,£24.25,70cl / 40%
Jack Daniel's Old No.7Large T Shirt Gift Pack,£24.95,50cl / 40%
Jim Beam Double Oak,£24.95,70cl / 43%
Ezra Brooks Black Label Bourbon,£25.95,70cl / 40%
Buffalo Trace White Dog Straight Rye,£25.95,37.5cl / 62.5%
Ezra Brooks Black Label Bourbon,£25.95,70cl / 40%
Buffalo Trace Bourbon,£25.95,70cl / 40%
Buffalo Trace White Dog Mash 1Half Bottle,£25.95,37.5cl / 62.5%
Jim Beam Rye,£26.95,70cl / 40%
Whisky Thief Bourbon3 Year Old,£26.95,70cl / 40%
Kings County Grapefruit & Jalapeno Grain Spirit,£27.75,20cl / 40%
