title,img_link,review
Cheddar Cheese Muffins,https://imagesvc.meredithcorp.io/v3/mm/image?url=https%3A%2F%2Fstatic.onecms.io%2Fwp-content%2Fuploads%2Fsites%2F43%2F2020%2F10%2F12%2FResizes_150_Strawberry-Caprese-Panzanella-2000.jpg,35
Quiche with Sausage,https://imagesvc.meredithcorp.io/v3/mm/image?url=https%3A%2F%2Fstatic.onecms.io%2Fwp-content%2Fuploads%2Fsites%2F43%2F2020%2F12%2F17%2F245032-Sandy-Primavera-Casserole.jpg,4
Simple Teriyaki Sauce,https://imagesvc.meredithcorp.io/v3/mm/image?url=https%3A%2F%2Fstatic.onecms.io%2Fwp-content%2Fuploads%2Fsites%2F43%2F2020%2F05%2F15%2F4130104_carne-en-su-jugo-meat-in-its-juices_allrecipes.jpg,166
Quick and Easy Brownies,https://imagesvc.meredithcorp.io/v3/mm/image?url=https%3A%2F%2Fstatic.onecms.io%2Fwp-content%2Fuploads%2Fsites%2F43%2F2020%2F02%2Fimage-4-2000.jpeg,1511
Buttery Garlic Green Beans,https://imagesvc.meredithcorp.io/v3/mm/image?url=https%3A%2F%2Fstatic.onecms.io%2Fwp-content%2Fuploads%2Fsites%2F43%2F2020%2F04%2F01%2FEasy-Chorizo-Street-Tacos-by-Allrecipes-Magazine-2000.jpg,399
Janet's Rich Banana Bread,https://imagesvc.meredithcorp.io/v3/mm/image?url=https%3A%2F%2Fstatic.onecms.io%2Fwp-content%2Fuploads%2Fsites%2F43%2F2020%2F08%2F05%2Fas20-sheet-sweet-and-spicy-jerk-shrimp-photo-by-carson-downing-resized.jpg,7094
Bread Pudding II,https://imagesvc.meredithcorp.io/v3/mm/image?url=https%3A%2F%2Fstatic.onecms.io%2Fwp-content%2Fuploads%2Fsites%2F43%2F2021%2F04%2F05%2F176137-ancho-chipotle-salsa-linda2d.jpg,3004
Chicken Pot Pie IX,https://imagesvc.meredithcorp.io/v3/mm/image?url=https%3A%2F%2Fstatic.onecms.io%2Fwp-content%2Fuploads%2Fsites%2F43%2F2021%2F03%2F03%2F108003-tomato-cornbread-salad-with-avocado-and-cilantro-jillian-kuhlmann.jpg,8916
Best Ever Blueberry Cobbler,https://imagesvc.meredithcorp.io/v3/mm/image?url=https%3A%2F%2Fstatic.onecms.io%2Fwp-content%2Fuploads%2Fsites%2F43%2F2020%2F08%2F14%2FRussian-Honey-Cake-2000.jpg,845
Quick and Easy Alfredo Sauce,https://imagesvc.meredithcorp.io/v3/mm/image?url=https%3A%2F%2Fstatic.onecms.io%2Fwp-content%2Fuploads%2Fsites%2F43%2F2020%2F09%2F18%2FThe-Brunch-Box.jpg,4333
Baked Ziti I,https://imagesvc.meredithcorp.io/v3/mm/image?url=https%3A%2F%2Fstatic.onecms.io%2Fwp-content%2Fuploads%2Fsites%2F43%2F2020%2F05%2F12%2F2321626.jpg,5987
Korean BBQ Galbi,https://imagesvc.meredithcorp.io/v3/mm/image?url=https%3A%2F%2Fstatic.onecms.io%2Fwp-content%2Fuploads%2Fsites%2F43%2F2021%2F03%2F03%2F272704_vietnamese-lemongrass-beef-and-noodles_Kims-Cooking-Now-2000.jpg,34
General Tsao's Chicken II,https://imagesvc.meredithcorp.io/v3/mm/image?url=https%3A%2F%2Fstatic.onecms.io%2Fwp-content%2Fuploads%2Fsites%2F43%2F2020%2F05%2F13%2F376714.jpg,959
Indian Chicken Curry (Murgh Kari),https://imagesvc.meredithcorp.io/v3/mm/image?url=https%3A%2F%2Fstatic.onecms.io%2Fwp-content%2Fuploads%2Fsites%2F43%2F2020%2F05%2F01%2FQuick-and-Fresh-Gazpacho-by-Allrecipes-Magazine-2000.jpg,778
Creamy Rice Pudding,https://imagesvc.meredithcorp.io/v3/mm/image?url=https%3A%2F%2Fstatic.onecms.io%2Fwp-content%2Fuploads%2Fsites%2F43%2F2021%2F01%2F28%2F6549741-keto-lemon-garlic-chicken-thighs-in-the-air-fryer-photo-by-France-C-2000.jpg,4615
No-Bake Energy Bites,https://imagesvc.meredithcorp.io/v3/mm/image?url=https%3A%2F%2Fstatic.onecms.io%2Fwp-content%2Fuploads%2Fsites%2F43%2F2020%2F04%2F29%2F2460282.jpg,482
How to Make Perfect Polenta,https://imagesvc.meredithcorp.io/v3/mm/image?url=https%3A%2F%2Fstatic.onecms.io%2Fwp-content%2Fuploads%2Fsites%2F43%2F2020%2F05%2F18%2F4812691.jpg,157
Spicy Thai Basil Chicken (Pad Krapow Gai),https://imagesvc.meredithcorp.io/v3/mm/image?url=https%3A%2F%2Fstatic.onecms.io%2Fwp-content%2Fuploads%2Fsites%2F43%2F2021%2F01%2F22%2F259900-pork-gyoza.png,655
Spanish Flan,https://imagesvc.meredithcorp.io/v3/mm/image?url=https%3A%2F%2Fstatic.onecms.io%2Fwp-content%2Fuploads%2Fsites%2F43%2F2021%2F03%2F30%2FGettyImages-470797696-2000.jpg,899
Mouth-Watering Stuffed Mushrooms,https://imagesvc.meredithcorp.io/v3/mm/image?url=https%3A%2F%2Fstatic.onecms.io%2Fwp-content%2Fuploads%2Fsites%2F43%2F2021%2F05%2F06%2FHow-to-Make-Air-Fryer-Eggplant-Parmesan.png,3088
Southern Pimento Cheese,https://imagesvc.meredithcorp.io/v3/mm/image?url=https%3A%2F%2Fstatic.onecms.io%2Fwp-content%2Fuploads%2Fsites%2F43%2F2020%2F07%2F22%2F1998178.jpg,721
Banana Chocolate Chip Bread,https://imagesvc.meredithcorp.io/v3/mm/image?url=https%3A%2F%2Fstatic.onecms.io%2Fwp-content%2Fuploads%2Fsites%2F43%2F2020%2F09%2F17%2F666917_original-2000.jpg,877
Peanut Butter Banana Smoothie,https://imagesvc.meredithcorp.io/v3/mm/image?url=https%3A%2F%2Fstatic.onecms.io%2Fwp-content%2Fuploads%2Fsites%2F43%2F2020%2F09%2F01%2F197357_original-2000.jpg,682
Award Winning Peaches and Cream Pie,https://imagesvc.meredithcorp.io/v3/mm/image?url=https%3A%2F%2Fstatic.onecms.io%2Fwp-content%2Fuploads%2Fsites%2F43%2F-0001%2F11%2F30%2F115142.jpg,1007
Authentic Louisiana Red Beans and Rice,https://imagesvc.meredithcorp.io/v3/mm/image?url=https%3A%2F%2Fstatic.onecms.io%2Fwp-content%2Fuploads%2Fsites%2F43%2F2020%2F10%2F12%2FResizes_150_Strawberry-Caprese-Panzanella-2000.jpg,923
Baked Ham and Cheese Party Sandwiches,https://imagesvc.meredithcorp.io/v3/mm/image?url=https%3A%2F%2Fstatic.onecms.io%2Fwp-content%2Fuploads%2Fsites%2F43%2F2020%2F12%2F17%2F245032-Sandy-Primavera-Casserole.jpg,591
Cheesy Amish Breakfast Casserole,https://imagesvc.meredithcorp.io/v3/mm/image?url=https%3A%2F%2Fstatic.onecms.io%2Fwp-content%2Fuploads%2Fsites%2F43%2F2020%2F05%2F15%2F4130104_carne-en-su-jugo-meat-in-its-juices_allrecipes.jpg,578
Dry Rub for Ribs,https://imagesvc.meredithcorp.io/v3/mm/image?url=https%3A%2F%2Fstatic.onecms.io%2Fwp-content%2Fuploads%2Fsites%2F43%2F2020%2F02%2Fimage-4-2000.jpeg,484
Jeff's Hot Dog Chili,https://imagesvc.meredithcorp.io/v3/mm/image?url=https%3A%2F%2Fstatic.onecms.io%2Fwp-content%2Fuploads%2Fsites%2F43%2F2020%2F04%2F01%2FEasy-Chorizo-Street-Tacos-by-Allrecipes-Magazine-2000.jpg,285
Carrot Cake III,https://imagesvc.meredithcorp.io/v3/mm/image?url=https%3A%2F%2Fstatic.onecms.io%2Fwp-content%2Fuploads%2Fsites%2F43%2F2020%2F08%2F05%2Fas20-sheet-sweet-and-spicy-jerk-shrimp-photo-by-carson-downing-resized.jpg,5469
Mom's Peach Crisp,https://imagesvc.meredithcorp.io/v3/mm/image?url=https%3A%2F%2Fstatic.onecms.io%2Fwp-content%2Fuploads%2Fsites%2F43%2F2021%2F04%2F05%2F176137-ancho-chipotle-salsa-linda2d.jpg,440
Cream Cheese Squares,https://imagesvc.meredithcorp.io/v3/mm/image?url=https%3A%2F%2Fstatic.onecms.io%2Fwp-content%2Fuploads%2Fsites%2F43%2F2021%2F03%2F03%2F108003-tomato-cornbread-salad-with-avocado-and-cilantro-jillian-kuhlmann.jpg,1195
Grilled Cheese Sandwich,https://imagesvc.meredithcorp.io/v3/mm/image?url=https%3A%2F%2Fstatic.onecms.io%2Fwp-content%2Fuploads%2Fsites%2F43%2F2020%2F08%2F14%2FRussian-Honey-Cake-2000.jpg,605
Easy Paella,https://imagesvc.meredithcorp.io/v3/mm/image?url=https%3A%2F%2Fstatic.onecms.io%2Fwp-content%2Fuploads%2Fsites%2F43%2F2020%2F09%2F18%2FThe-Brunch-Box.jpg,419
Old Fashioned Creamy Rice Pudding,https://imagesvc.meredithcorp.io/v3/mm/image?url=https%3A%2F%2Fstatic.onecms.io%2Fwp-content%2Fuploads%2Fsites%2F43%2F2020%2F05%2F12%2F2321626.jpg,490
Pasta Salad with Homemade Dressing,https://imagesvc.meredithcorp.io/v3/mm/image?url=https%3A%2F%2Fstatic.onecms.io%2Fwp-content%2Fuploads%2Fsites%2F43%2F2021%2F03%2F03%2F272704_vietnamese-lemongrass-beef-and-noodles_Kims-Cooking-Now-2000.jpg,200
Homemade Lasagna,https://imagesvc.meredithcorp.io/v3/mm/image?url=https%3A%2F%2Fstatic.onecms.io%2Fwp-content%2Fuploads%2Fsites%2F43%2F2020%2F05%2F13%2F376714.jpg,266
Cream Corn Like No Other,https://imagesvc.meredithcorp.io/v3/mm/image?url=https%3A%2F%2Fstatic.onecms.io%2Fwp-content%2Fuploads%2Fsites%2F43%2F2020%2F05%2F01%2FQuick-and-Fresh-Gazpacho-by-Allrecipes-Magazine-2000.jpg,1695
Easy Garam Masala,https://imagesvc.meredithcorp.io/v3/mm/image?url=https%3A%2F%2Fstatic.onecms.io%2Fwp-content%2Fuploads%2Fsites%2F43%2F2021%2F01%2F28%2F6549741-keto-lemon-garlic-chicken-thighs-in-the-air-fryer-photo-by-France-C-2000.jpg,156
Perfect Ten Baked Cod,https://imagesvc.meredithcorp.io/v3/mm/image?url=https%3A%2F%2Fstatic.onecms.io%2Fwp-content%2Fuploads%2Fsites%2F43%2F2020%2F04%2F29%2F2460282.jpg,783
Stacey's Hamburger Seasoning,https://imagesvc.meredithcorp.io/v3/mm/image?url=https%3A%2F%2Fstatic.onecms.io%2Fwp-content%2Fuploads%2Fsites%2F43%2F2020%2F05%2F18%2F4812691.jpg,221
Chocolate Chip Muffins,https://imagesvc.meredithcorp.io/v3/mm/image?url=https%3A%2F%2Fstatic.onecms.io%2Fwp-content%2Fuploads%2Fsites%2F43%2F2021%2F01%2F22%2F259900-pork-gyoza.png,1144
Lemon Lush,https://imagesvc.meredithcorp.io/v3/mm/image?url=https%3A%2F%2Fstatic.onecms.io%2Fwp-content%2Fuploads%2Fsites%2F43%2F2021%2F03%2F30%2FGettyImages-470797696-2000.jpg,231
Taco Bell® Seasoning Copycat,https://imagesvc.meredithcorp.io/v3/mm/image?url=https%3A%2F%2Fstatic.onecms.io%2Fwp-content%2Fuploads%2Fsites%2F43%2F2021%2F05%2F06%2FHow-to-Make-Air-Fryer-Eggplant-Parmesan.png,87
Chicken Stir-Fry,https://imagesvc.meredithcorp.io/v3/mm/image?url=https%3A%2F%2Fstatic.onecms.io%2Fwp-content%2Fuploads%2Fsites%2F43%2F2020%2F07%2F22%2F1998178.jpg,885
Cajun Spice Mix,https://imagesvc.meredithcorp.io/v3/mm/image?url=https%3A%2F%2Fstatic.onecms.io%2Fwp-content%2Fuploads%2Fsites%2F43%2F2020%2F09%2F17%2F666917_original-2000.jpg,285
Reuben Sandwich II,https://imagesvc.meredithcorp.io/v3/mm/image?url=https%3A%2F%2Fstatic.onecms.io%2Fwp-content%2Fuploads%2Fsites%2F43%2F2020%2F09%2F01%2F197357_original-2000.jpg,447
Steak Dry Rub,https://imagesvc.meredithcorp.io/v3/mm/image?url=https%3A%2F%2Fstatic.onecms.io%2Fwp-content%2Fuploads%2Fsites%2F43%2F-0001%2F11%2F30%2F115142.jpg,108
Banana Pudding IV,https://imagesvc.meredithcorp.io/v3/mm/image?url=https%3A%2F%2Fstatic.onecms.io%2Fwp-content%2Fuploads%2Fsites%2F43%2F2020%2F10%2F12%2FResizes_150_Strawberry-Caprese-Panzanella-2000.jpg,2773
Fluffy French Toast,https://imagesvc.meredithcorp.io/v3/mm/image?url=https%3A%2F%2Fstatic.onecms.io%2Fwp-content%2Fuploads%2Fsites%2F43%2F2020%2F12%2F17%2F245032-Sandy-Primavera-Casserole.jpg,2959
Simple Custard,https://imagesvc.meredithcorp.io/v3/mm/image?url=https%3A%2F%2Fstatic.onecms.io%2Fwp-content%2Fuploads%2Fsites%2F43%2F2020%2F05%2F15%2F4130104_carne-en-su-jugo-meat-in-its-juices_allrecipes.jpg,32
Mrs. Sigg's Snickerdoodles,https://imagesvc.meredithcorp.io/v3/mm/image?url=https%3A%2F%2Fstatic.onecms.io%2Fwp-content%2Fuploads%2Fsites%2F43%2F2020%2F02%2Fimage-4-2000.jpeg,4952
Churros,https://imagesvc.meredithcorp.io/v3/mm/image?url=https%3A%2F%2Fstatic.onecms.io%2Fwp-content%2Fuploads%2Fsites%2F43%2F2020%2F04%2F01%2FEasy-Chorizo-Street-Tacos-by-Allrecipes-Magazine-2000.jpg,625
Oven Roasted Parmesan Corn on the Cob,https://imagesvc.meredithcorp.io/v3/mm/image?url=https%3A%2F%2Fstatic.onecms.io%2Fwp-content%2Fuploads%2Fsites%2F43%2F2020%2F08%2F05%2Fas20-sheet-sweet-and-spicy-jerk-shrimp-photo-by-carson-downing-resized.jpg,58
Baked Garlic Parmesan Chicken,https://imagesvc.meredithcorp.io/v3/mm/image?url=https%3A%2F%2Fstatic.onecms.io%2Fwp-content%2Fuploads%2Fsites%2F43%2F2021%2F04%2F05%2F176137-ancho-chipotle-salsa-linda2d.jpg,2172
Hot Artichoke and Spinach Dip II,https://imagesvc.meredithcorp.io/v3/mm/image?url=https%3A%2F%2Fstatic.onecms.io%2Fwp-content%2Fuploads%2Fsites%2F43%2F2021%2F03%2F03%2F108003-tomato-cornbread-salad-with-avocado-and-cilantro-jillian-kuhlmann.jpg,2171
Chicken Cordon Bleu I,https://imagesvc.meredithcorp.io/v3/mm/image?url=https%3A%2F%2Fstatic.onecms.io%2Fwp-content%2Fuploads%2Fsites%2F43%2F2020%2F08%2F14%2FRussian-Honey-Cake-2000.jpg,1811
Beef Bulgogi,https://imagesvc.meredithcorp.io/v3/mm/image?url=https%3A%2F%2Fstatic.onecms.io%2Fwp-content%2Fuploads%2Fsites%2F43%2F2020%2F09%2F18%2FThe-Brunch-Box.jpg,708
No Bake Cookies I,https://imagesvc.meredithcorp.io/v3/mm/image?url=https%3A%2F%2Fstatic.onecms.io%2Fwp-content%2Fuploads%2Fsites%2F43%2F2020%2F05%2F12%2F2321626.jpg,915
Apple Crisp II,https://imagesvc.meredithcorp.io/v3/mm/image?url=https%3A%2F%2Fstatic.onecms.io%2Fwp-content%2Fuploads%2Fsites%2F43%2F2021%2F03%2F03%2F272704_vietnamese-lemongrass-beef-and-noodles_Kims-Cooking-Now-2000.jpg,5830
Aunt Norma's Rhubarb Muffins,https://imagesvc.meredithcorp.io/v3/mm/image?url=https%3A%2F%2Fstatic.onecms.io%2Fwp-content%2Fuploads%2Fsites%2F43%2F2020%2F05%2F13%2F376714.jpg,486
Manicotti,https://imagesvc.meredithcorp.io/v3/mm/image?url=https%3A%2F%2Fstatic.onecms.io%2Fwp-content%2Fuploads%2Fsites%2F43%2F2020%2F05%2F01%2FQuick-and-Fresh-Gazpacho-by-Allrecipes-Magazine-2000.jpg,525
Creamy White Chicken Chili with Salsa Verde,https://imagesvc.meredithcorp.io/v3/mm/image?url=https%3A%2F%2Fstatic.onecms.io%2Fwp-content%2Fuploads%2Fsites%2F43%2F2021%2F01%2F28%2F6549741-keto-lemon-garlic-chicken-thighs-in-the-air-fryer-photo-by-France-C-2000.jpg,27
Chocolate Chocolate Chip Cookies I,https://imagesvc.meredithcorp.io/v3/mm/image?url=https%3A%2F%2Fstatic.onecms.io%2Fwp-content%2Fuploads%2Fsites%2F43%2F2020%2F04%2F29%2F2460282.jpg,3112
Greek Baklava,https://imagesvc.meredithcorp.io/v3/mm/image?url=https%3A%2F%2Fstatic.onecms.io%2Fwp-content%2Fuploads%2Fsites%2F43%2F2020%2F05%2F18%2F4812691.jpg,1694
Sheet Pan Chicken Fajitas,https://imagesvc.meredithcorp.io/v3/mm/image?url=https%3A%2F%2Fstatic.onecms.io%2Fwp-content%2Fuploads%2Fsites%2F43%2F2021%2F01%2F22%2F259900-pork-gyoza.png,243
Candied Pecans,https://imagesvc.meredithcorp.io/v3/mm/image?url=https%3A%2F%2Fstatic.onecms.io%2Fwp-content%2Fuploads%2Fsites%2F43%2F2021%2F03%2F30%2FGettyImages-470797696-2000.jpg,537
Seven Layer Taco Dip,https://imagesvc.meredithcorp.io/v3/mm/image?url=https%3A%2F%2Fstatic.onecms.io%2Fwp-content%2Fuploads%2Fsites%2F43%2F2021%2F05%2F06%2FHow-to-Make-Air-Fryer-Eggplant-Parmesan.png,1907
Fried Mozzarella Cheese Sticks,https://imagesvc.meredithcorp.io/v3/mm/image?url=https%3A%2F%2Fstatic.onecms.io%2Fwp-content%2Fuploads%2Fsites%2F43%2F2020%2F07%2F22%2F1998178.jpg,637
3-Ingredient Peanut Butter Cookies,https://imagesvc.meredithcorp.io/v3/mm/image?url=https%3A%2F%2Fstatic.onecms.io%2Fwp-content%2Fuploads%2Fsites%2F43%2F2020%2F09%2F17%2F666917_original-2000.jpg,338
Antipasto Pasta Salad,https://imagesvc.meredithcorp.io/v3/mm/image?url=https%3A%2F%2Fstatic.onecms.io%2Fwp-content%2Fuploads%2Fsites%2F43%2F2020%2F09%2F01%2F197357_original-2000.jpg,1090
Seven Layer Dip II,https://imagesvc.meredithcorp.io/v3/mm/image?url=https%3A%2F%2Fstatic.onecms.io%2Fwp-content%2Fuploads%2Fsites%2F43%2F-0001%2F11%2F30%2F115142.jpg,279
Supreme Strawberry Topping,https://imagesvc.meredithcorp.io/v3/mm/image?url=https%3A%2F%2Fstatic.onecms.io%2Fwp-content%2Fuploads%2Fsites%2F43%2F2020%2F10%2F12%2FResizes_150_Strawberry-Caprese-Panzanella-2000.jpg,731
Tiramisu II,https://imagesvc.meredithcorp.io/v3/mm/image?url=https%3A%2F%2Fstatic.onecms.io%2Fwp-content%2Fuploads%2Fsites%2F43%2F2020%2F12%2F17%2F245032-Sandy-Primavera-Casserole.jpg,1546
Roast Chicken with Rosemary,https://imagesvc.meredithcorp.io/v3/mm/image?url=https%3A%2F%2Fstatic.onecms.io%2Fwp-content%2Fuploads%2Fsites%2F43%2F2020%2F05%2F15%2F4130104_carne-en-su-jugo-meat-in-its-juices_allrecipes.jpg,607
Roasted Baby Potatoes,https://imagesvc.meredithcorp.io/v3/mm/image?url=https%3A%2F%2Fstatic.onecms.io%2Fwp-content%2Fuploads%2Fsites%2F43%2F2020%2F02%2Fimage-4-2000.jpeg,1
Nanny's Grape Salad,https://imagesvc.meredithcorp.io/v3/mm/image?url=https%3A%2F%2Fstatic.onecms.io%2Fwp-content%2Fuploads%2Fsites%2F43%2F2020%2F04%2F01%2FEasy-Chorizo-Street-Tacos-by-Allrecipes-Magazine-2000.jpg,12
Spanakopita (Greek Spinach Pie),https://imagesvc.meredithcorp.io/v3/mm/image?url=https%3A%2F%2Fstatic.onecms.io%2Fwp-content%2Fuploads%2Fsites%2F43%2F2020%2F08%2F05%2Fas20-sheet-sweet-and-spicy-jerk-shrimp-photo-by-carson-downing-resized.jpg,625
Jambalaya,https://imagesvc.meredithcorp.io/v3/mm/image?url=https%3A%2F%2Fstatic.onecms.io%2Fwp-content%2Fuploads%2Fsites%2F43%2F2021%2F04%2F05%2F176137-ancho-chipotle-salsa-linda2d.jpg,706
Old Fashioned Coconut Cream Pie,https://imagesvc.meredithcorp.io/v3/mm/image?url=https%3A%2F%2Fstatic.onecms.io%2Fwp-content%2Fuploads%2Fsites%2F43%2F2021%2F03%2F03%2F108003-tomato-cornbread-salad-with-avocado-and-cilantro-jillian-kuhlmann.jpg,1446
Ahi Poke Basic,https://imagesvc.meredithcorp.io/v3/mm/image?url=https%3A%2F%2Fstatic.onecms.io%2Fwp-content%2Fuploads%2Fsites%2F43%2F2020%2F08%2F14%2FRussian-Honey-Cake-2000.jpg,141
Egg Drop Soup (Better than Restaurant Quality!),https://imagesvc.meredithcorp.io/v3/mm/image?url=https%3A%2F%2Fstatic.onecms.io%2Fwp-content%2Fuploads%2Fsites%2F43%2F2020%2F09%2F18%2FThe-Brunch-Box.jpg,555
Heavenly Halibut,https://imagesvc.meredithcorp.io/v3/mm/image?url=https%3A%2F%2Fstatic.onecms.io%2Fwp-content%2Fuploads%2Fsites%2F43%2F2020%2F05%2F12%2F2321626.jpg,779
Air Fryer Chicken Thighs,https://imagesvc.meredithcorp.io/v3/mm/image?url=https%3A%2F%2Fstatic.onecms.io%2Fwp-content%2Fuploads%2Fsites%2F43%2F2021%2F03%2F03%2F272704_vietnamese-lemongrass-beef-and-noodles_Kims-Cooking-Now-2000.jpg,47
Chef John's Buttermilk Fried Chicken,https://imagesvc.meredithcorp.io/v3/mm/image?url=https%3A%2F%2Fstatic.onecms.io%2Fwp-content%2Fuploads%2Fsites%2F43%2F2020%2F05%2F13%2F376714.jpg,327
Air Fryer Potato Wedges,https://imagesvc.meredithcorp.io/v3/mm/image?url=https%3A%2F%2Fstatic.onecms.io%2Fwp-content%2Fuploads%2Fsites%2F43%2F2020%2F05%2F01%2FQuick-and-Fresh-Gazpacho-by-Allrecipes-Magazine-2000.jpg,51
Oatmeal Peanut Butter Cookies III,https://imagesvc.meredithcorp.io/v3/mm/image?url=https%3A%2F%2Fstatic.onecms.io%2Fwp-content%2Fuploads%2Fsites%2F43%2F2021%2F01%2F28%2F6549741-keto-lemon-garlic-chicken-thighs-in-the-air-fryer-photo-by-France-C-2000.jpg,1078
Easy Zucchini Fritters,https://imagesvc.meredithcorp.io/v3/mm/image?url=https%3A%2F%2Fstatic.onecms.io%2Fwp-content%2Fuploads%2Fsites%2F43%2F2020%2F04%2F29%2F2460282.jpg,156
Sweet Potato Pie I,https://imagesvc.meredithcorp.io/v3/mm/image?url=https%3A%2F%2Fstatic.onecms.io%2Fwp-content%2Fuploads%2Fsites%2F43%2F2020%2F05%2F18%2F4812691.jpg,2406
BBQ Spice Rub,https://imagesvc.meredithcorp.io/v3/mm/image?url=https%3A%2F%2Fstatic.onecms.io%2Fwp-content%2Fuploads%2Fsites%2F43%2F2021%2F01%2F22%2F259900-pork-gyoza.png,96
Gooey Butter Cake III,https://imagesvc.meredithcorp.io/v3/mm/image?url=https%3A%2F%2Fstatic.onecms.io%2Fwp-content%2Fuploads%2Fsites%2F43%2F2021%2F03%2F30%2FGettyImages-470797696-2000.jpg,469
Bananas Foster II,https://imagesvc.meredithcorp.io/v3/mm/image?url=https%3A%2F%2Fstatic.onecms.io%2Fwp-content%2Fuploads%2Fsites%2F43%2F2021%2F05%2F06%2FHow-to-Make-Air-Fryer-Eggplant-Parmesan.png,794
Fruit Dip II,https://imagesvc.meredithcorp.io/v3/mm/image?url=https%3A%2F%2Fstatic.onecms.io%2Fwp-content%2Fuploads%2Fsites%2F43%2F2020%2F07%2F22%2F1998178.jpg,819
Chicken Quesadillas,https://imagesvc.meredithcorp.io/v3/mm/image?url=https%3A%2F%2Fstatic.onecms.io%2Fwp-content%2Fuploads%2Fsites%2F43%2F2020%2F09%2F17%2F666917_original-2000.jpg,730
Classic Bran Muffins,https://imagesvc.meredithcorp.io/v3/mm/image?url=https%3A%2F%2Fstatic.onecms.io%2Fwp-content%2Fuploads%2Fsites%2F43%2F2020%2F09%2F01%2F197357_original-2000.jpg,1377
Mojitos by the Pitcher,https://imagesvc.meredithcorp.io/v3/mm/image?url=https%3A%2F%2Fstatic.onecms.io%2Fwp-content%2Fuploads%2Fsites%2F43%2F-0001%2F11%2F30%2F115142.jpg,75
Peanut Butter Pie,https://imagesvc.meredithcorp.io/v3/mm/image?url=https%3A%2F%2Fstatic.onecms.io%2Fwp-content%2Fuploads%2Fsites%2F43%2F2020%2F10%2F12%2FResizes_150_Strawberry-Caprese-Panzanella-2000.jpg,306
Easy French Toast Casserole,https://imagesvc.meredithcorp.io/v3/mm/image?url=https%3A%2F%2Fstatic.onecms.io%2Fwp-content%2Fuploads%2Fsites%2F43%2F2020%2F12%2F17%2F245032-Sandy-Primavera-Casserole.jpg,486
Edible Cookie Dough,https://imagesvc.meredithcorp.io/v3/mm/image?url=https%3A%2F%2Fstatic.onecms.io%2Fwp-content%2Fuploads%2Fsites%2F43%2F2020%2F05%2F15%2F4130104_carne-en-su-jugo-meat-in-its-juices_allrecipes.jpg,81
Strawberry Angel Food Dessert,https://imagesvc.meredithcorp.io/v3/mm/image?url=https%3A%2F%2Fstatic.onecms.io%2Fwp-content%2Fuploads%2Fsites%2F43%2F2020%2F02%2Fimage-4-2000.jpeg,705
Chocolate Ganache,https://imagesvc.meredithcorp.io/v3/mm/image?url=https%3A%2F%2Fstatic.onecms.io%2Fwp-content%2Fuploads%2Fsites%2F43%2F2020%2F04%2F01%2FEasy-Chorizo-Street-Tacos-by-Allrecipes-Magazine-2000.jpg,863
Original Nestle® Toll House Chocolate Chip Cookies,https://imagesvc.meredithcorp.io/v3/mm/image?url=https%3A%2F%2Fstatic.onecms.io%2Fwp-content%2Fuploads%2Fsites%2F43%2F2020%2F08%2F05%2Fas20-sheet-sweet-and-spicy-jerk-shrimp-photo-by-carson-downing-resized.jpg,334
Korean BBQ Short Ribs (Gal-Bi),https://imagesvc.meredithcorp.io/v3/mm/image?url=https%3A%2F%2Fstatic.onecms.io%2Fwp-content%2Fuploads%2Fsites%2F43%2F2021%2F04%2F05%2F176137-ancho-chipotle-salsa-linda2d.jpg,178
Authentic Mole Sauce,https://imagesvc.meredithcorp.io/v3/mm/image?url=https%3A%2F%2Fstatic.onecms.io%2Fwp-content%2Fuploads%2Fsites%2F43%2F2021%2F03%2F03%2F108003-tomato-cornbread-salad-with-avocado-and-cilantro-jillian-kuhlmann.jpg,58
Buttered Noodles,https://imagesvc.meredithcorp.io/v3/mm/image?url=https%3A%2F%2Fstatic.onecms.io%2Fwp-content%2Fuploads%2Fsites%2F43%2F2020%2F08%2F14%2FRussian-Honey-Cake-2000.jpg,77
Caprese Salad with Balsamic Reduction,https://imagesvc.meredithcorp.io/v3/mm/image?url=https%3A%2F%2Fstatic.onecms.io%2Fwp-content%2Fuploads%2Fsites%2F43%2F2020%2F09%2F18%2FThe-Brunch-Box.jpg,131
B and L's Strawberry Smoothie,https://imagesvc.meredithcorp.io/v3/mm/image?url=https%3A%2F%2Fstatic.onecms.io%2Fwp-content%2Fuploads%2Fsites%2F43%2F2020%2F05%2F12%2F2321626.jpg,855
Oven-Baked Potato Slices,https://imagesvc.meredithcorp.io/v3/mm/image?url=https%3A%2F%2Fstatic.onecms.io%2Fwp-content%2Fuploads%2Fsites%2F43%2F2021%2F03%2F03%2F272704_vietnamese-lemongrass-beef-and-noodles_Kims-Cooking-Now-2000.jpg,8
Air Fryer Meatballs,https://imagesvc.meredithcorp.io/v3/mm/image?url=https%3A%2F%2Fstatic.onecms.io%2Fwp-content%2Fuploads%2Fsites%2F43%2F2020%2F05%2F13%2F376714.jpg,6
Breakfast Sausage,https://imagesvc.meredithcorp.io/v3/mm/image?url=https%3A%2F%2Fstatic.onecms.io%2Fwp-content%2Fuploads%2Fsites%2F43%2F2020%2F05%2F01%2FQuick-and-Fresh-Gazpacho-by-Allrecipes-Magazine-2000.jpg,613
Oh-So-Easy Caramel Sauce,https://imagesvc.meredithcorp.io/v3/mm/image?url=https%3A%2F%2Fstatic.onecms.io%2Fwp-content%2Fuploads%2Fsites%2F43%2F2021%2F01%2F28%2F6549741-keto-lemon-garlic-chicken-thighs-in-the-air-fryer-photo-by-France-C-2000.jpg,323
Easy Korean Ground Beef Bowl,https://imagesvc.meredithcorp.io/v3/mm/image?url=https%3A%2F%2Fstatic.onecms.io%2Fwp-content%2Fuploads%2Fsites%2F43%2F2020%2F04%2F29%2F2460282.jpg,297
Easiest Peanut Butter Fudge,https://imagesvc.meredithcorp.io/v3/mm/image?url=https%3A%2F%2Fstatic.onecms.io%2Fwp-content%2Fuploads%2Fsites%2F43%2F2020%2F05%2F18%2F4812691.jpg,1965
Peanut Butter and Pumpkin Dog Treats,https://imagesvc.meredithcorp.io/v3/mm/image?url=https%3A%2F%2Fstatic.onecms.io%2Fwp-content%2Fuploads%2Fsites%2F43%2F2021%2F01%2F22%2F259900-pork-gyoza.png,867
Chef John's Buttermilk Biscuits,https://imagesvc.meredithcorp.io/v3/mm/image?url=https%3A%2F%2Fstatic.onecms.io%2Fwp-content%2Fuploads%2Fsites%2F43%2F2021%2F03%2F30%2FGettyImages-470797696-2000.jpg,1018
Greek Chicken Skewers,https://imagesvc.meredithcorp.io/v3/mm/image?url=https%3A%2F%2Fstatic.onecms.io%2Fwp-content%2Fuploads%2Fsites%2F43%2F2021%2F05%2F06%2FHow-to-Make-Air-Fryer-Eggplant-Parmesan.png,7
Taco Dip I,https://imagesvc.meredithcorp.io/v3/mm/image?url=https%3A%2F%2Fstatic.onecms.io%2Fwp-content%2Fuploads%2Fsites%2F43%2F2020%2F07%2F22%2F1998178.jpg,303
Spinach-Ricotta Quiche,https://imagesvc.meredithcorp.io/v3/mm/image?url=https%3A%2F%2Fstatic.onecms.io%2Fwp-content%2Fuploads%2Fsites%2F43%2F2020%2F09%2F17%2F666917_original-2000.jpg,91
Easy Lasagna II,https://imagesvc.meredithcorp.io/v3/mm/image?url=https%3A%2F%2Fstatic.onecms.io%2Fwp-content%2Fuploads%2Fsites%2F43%2F2020%2F09%2F01%2F197357_original-2000.jpg,799
Sweet and Spicy Jerk Shrimp,https://imagesvc.meredithcorp.io/v3/mm/image?url=https%3A%2F%2Fstatic.onecms.io%2Fwp-content%2Fuploads%2Fsites%2F43%2F-0001%2F11%2F30%2F115142.jpg,9
Banana Cream Pie I,https://imagesvc.meredithcorp.io/v3/mm/image?url=https%3A%2F%2Fstatic.onecms.io%2Fwp-content%2Fuploads%2Fsites%2F43%2F2020%2F10%2F12%2FResizes_150_Strawberry-Caprese-Panzanella-2000.jpg,1278
Greek Lemon Chicken and Potatoes,https://imagesvc.meredithcorp.io/v3/mm/image?url=https%3A%2F%2Fstatic.onecms.io%2Fwp-content%2Fuploads%2Fsites%2F43%2F2020%2F12%2F17%2F245032-Sandy-Primavera-Casserole.jpg,711
Ground Turkey Taco Meat,https://imagesvc.meredithcorp.io/v3/mm/image?url=https%3A%2F%2Fstatic.onecms.io%2Fwp-content%2Fuploads%2Fsites%2F43%2F2020%2F05%2F15%2F4130104_carne-en-su-jugo-meat-in-its-juices_allrecipes.jpg,113
Crispy and Creamy Doughnuts,https://imagesvc.meredithcorp.io/v3/mm/image?url=https%3A%2F%2Fstatic.onecms.io%2Fwp-content%2Fuploads%2Fsites%2F43%2F2020%2F02%2Fimage-4-2000.jpeg,1107
Zesty Quinoa Salad,https://imagesvc.meredithcorp.io/v3/mm/image?url=https%3A%2F%2Fstatic.onecms.io%2Fwp-content%2Fuploads%2Fsites%2F43%2F2020%2F04%2F01%2FEasy-Chorizo-Street-Tacos-by-Allrecipes-Magazine-2000.jpg,1059
The Best Rolled Sugar Cookies,https://imagesvc.meredithcorp.io/v3/mm/image?url=https%3A%2F%2Fstatic.onecms.io%2Fwp-content%2Fuploads%2Fsites%2F43%2F2020%2F08%2F05%2Fas20-sheet-sweet-and-spicy-jerk-shrimp-photo-by-carson-downing-resized.jpg,8564
Fluffy Peanut Butter Frosting,https://imagesvc.meredithcorp.io/v3/mm/image?url=https%3A%2F%2Fstatic.onecms.io%2Fwp-content%2Fuploads%2Fsites%2F43%2F2021%2F04%2F05%2F176137-ancho-chipotle-salsa-linda2d.jpg,1775
Very Chocolate Ice Cream,https://imagesvc.meredithcorp.io/v3/mm/image?url=https%3A%2F%2Fstatic.onecms.io%2Fwp-content%2Fuploads%2Fsites%2F43%2F2021%2F03%2F03%2F108003-tomato-cornbread-salad-with-avocado-and-cilantro-jillian-kuhlmann.jpg,499
Easy Tortilla Pizza,https://imagesvc.meredithcorp.io/v3/mm/image?url=https%3A%2F%2Fstatic.onecms.io%2Fwp-content%2Fuploads%2Fsites%2F43%2F2020%2F08%2F14%2FRussian-Honey-Cake-2000.jpg,18
Ten Minute Enchilada Sauce,https://imagesvc.meredithcorp.io/v3/mm/image?url=https%3A%2F%2Fstatic.onecms.io%2Fwp-content%2Fuploads%2Fsites%2F43%2F2020%2F09%2F18%2FThe-Brunch-Box.jpg,1160
The Best Vegetarian Chili in the World,https://imagesvc.meredithcorp.io/v3/mm/image?url=https%3A%2F%2Fstatic.onecms.io%2Fwp-content%2Fuploads%2Fsites%2F43%2F2020%2F05%2F12%2F2321626.jpg,1582
Homemade Four Cheese Ravioli,https://imagesvc.meredithcorp.io/v3/mm/image?url=https%3A%2F%2Fstatic.onecms.io%2Fwp-content%2Fuploads%2Fsites%2F43%2F2021%2F03%2F03%2F272704_vietnamese-lemongrass-beef-and-noodles_Kims-Cooking-Now-2000.jpg,143
Grandmother's Buttermilk Cornbread,https://imagesvc.meredithcorp.io/v3/mm/image?url=https%3A%2F%2Fstatic.onecms.io%2Fwp-content%2Fuploads%2Fsites%2F43%2F2020%2F05%2F13%2F376714.jpg,5457
Absolutely Fabulous Greek/House Dressing,https://imagesvc.meredithcorp.io/v3/mm/image?url=https%3A%2F%2Fstatic.onecms.io%2Fwp-content%2Fuploads%2Fsites%2F43%2F2020%2F05%2F01%2FQuick-and-Fresh-Gazpacho-by-Allrecipes-Magazine-2000.jpg,1506
Grandma's Creamy Peanut Butter Fudge,https://imagesvc.meredithcorp.io/v3/mm/image?url=https%3A%2F%2Fstatic.onecms.io%2Fwp-content%2Fuploads%2Fsites%2F43%2F2021%2F01%2F28%2F6549741-keto-lemon-garlic-chicken-thighs-in-the-air-fryer-photo-by-France-C-2000.jpg,13
Memorial Day Best BBQ Chicken Ever!,https://imagesvc.meredithcorp.io/v3/mm/image?url=https%3A%2F%2Fstatic.onecms.io%2Fwp-content%2Fuploads%2Fsites%2F43%2F2020%2F04%2F29%2F2460282.jpg,32
Fajita Marinade I,https://imagesvc.meredithcorp.io/v3/mm/image?url=https%3A%2F%2Fstatic.onecms.io%2Fwp-content%2Fuploads%2Fsites%2F43%2F2020%2F05%2F18%2F4812691.jpg,603
Cobb Salad,https://imagesvc.meredithcorp.io/v3/mm/image?url=https%3A%2F%2Fstatic.onecms.io%2Fwp-content%2Fuploads%2Fsites%2F43%2F2021%2F01%2F22%2F259900-pork-gyoza.png,301
Nina's Cucumber Salad,https://imagesvc.meredithcorp.io/v3/mm/image?url=https%3A%2F%2Fstatic.onecms.io%2Fwp-content%2Fuploads%2Fsites%2F43%2F2021%2F03%2F30%2FGettyImages-470797696-2000.jpg,44
Eggplant Parmesan II,https://imagesvc.meredithcorp.io/v3/mm/image?url=https%3A%2F%2Fstatic.onecms.io%2Fwp-content%2Fuploads%2Fsites%2F43%2F2021%2F05%2F06%2FHow-to-Make-Air-Fryer-Eggplant-Parmesan.png,2617
Fudge,https://imagesvc.meredithcorp.io/v3/mm/image?url=https%3A%2F%2Fstatic.onecms.io%2Fwp-content%2Fuploads%2Fsites%2F43%2F2020%2F07%2F22%2F1998178.jpg,1362
Banana Oat Muffins,https://imagesvc.meredithcorp.io/v3/mm/image?url=https%3A%2F%2Fstatic.onecms.io%2Fwp-content%2Fuploads%2Fsites%2F43%2F2020%2F09%2F17%2F666917_original-2000.jpg,1234
"Easy, Eggless Strawberry Ice Cream",https://imagesvc.meredithcorp.io/v3/mm/image?url=https%3A%2F%2Fstatic.onecms.io%2Fwp-content%2Fuploads%2Fsites%2F43%2F2020%2F09%2F01%2F197357_original-2000.jpg,205
Stuffed Cream Cheese Mushrooms,https://imagesvc.meredithcorp.io/v3/mm/image?url=https%3A%2F%2Fstatic.onecms.io%2Fwp-content%2Fuploads%2Fsites%2F43%2F-0001%2F11%2F30%2F115142.jpg,135
Moist Chocolate Muffins,https://imagesvc.meredithcorp.io/v3/mm/image?url=https%3A%2F%2Fstatic.onecms.io%2Fwp-content%2Fuploads%2Fsites%2F43%2F2020%2F10%2F12%2FResizes_150_Strawberry-Caprese-Panzanella-2000.jpg,483
Cheesy Potato Casserole from Ore-Ida®,https://imagesvc.meredithcorp.io/v3/mm/image?url=https%3A%2F%2Fstatic.onecms.io%2Fwp-content%2Fuploads%2Fsites%2F43%2F2020%2F12%2F17%2F245032-Sandy-Primavera-Casserole.jpg,66
Absolutely the BEST Rich and Creamy Blue Cheese Dressing Ever!,https://imagesvc.meredithcorp.io/v3/mm/image?url=https%3A%2F%2Fstatic.onecms.io%2Fwp-content%2Fuploads%2Fsites%2F43%2F2020%2F05%2F15%2F4130104_carne-en-su-jugo-meat-in-its-juices_allrecipes.jpg,416
Simple Artichoke Dip,https://imagesvc.meredithcorp.io/v3/mm/image?url=https%3A%2F%2Fstatic.onecms.io%2Fwp-content%2Fuploads%2Fsites%2F43%2F2020%2F02%2Fimage-4-2000.jpeg,140
Authentic Mexican Chili Rellenos,https://imagesvc.meredithcorp.io/v3/mm/image?url=https%3A%2F%2Fstatic.onecms.io%2Fwp-content%2Fuploads%2Fsites%2F43%2F2020%2F04%2F01%2FEasy-Chorizo-Street-Tacos-by-Allrecipes-Magazine-2000.jpg,195
No Bake Peanut Butter Pie,https://imagesvc.meredithcorp.io/v3/mm/image?url=https%3A%2F%2Fstatic.onecms.io%2Fwp-content%2Fuploads%2Fsites%2F43%2F2020%2F08%2F05%2Fas20-sheet-sweet-and-spicy-jerk-shrimp-photo-by-carson-downing-resized.jpg,1675
Blackened Chicken,https://imagesvc.meredithcorp.io/v3/mm/image?url=https%3A%2F%2Fstatic.onecms.io%2Fwp-content%2Fuploads%2Fsites%2F43%2F2021%2F04%2F05%2F176137-ancho-chipotle-salsa-linda2d.jpg,778
Smoked Corn on the Cob,https://imagesvc.meredithcorp.io/v3/mm/image?url=https%3A%2F%2Fstatic.onecms.io%2Fwp-content%2Fuploads%2Fsites%2F43%2F2021%2F03%2F03%2F108003-tomato-cornbread-salad-with-avocado-and-cilantro-jillian-kuhlmann.jpg,1
Easy Rhubarb Crisp,https://imagesvc.meredithcorp.io/v3/mm/image?url=https%3A%2F%2Fstatic.onecms.io%2Fwp-content%2Fuploads%2Fsites%2F43%2F2020%2F08%2F14%2FRussian-Honey-Cake-2000.jpg,40
Louisiana Crawfish Etouffee,https://imagesvc.meredithcorp.io/v3/mm/image?url=https%3A%2F%2Fstatic.onecms.io%2Fwp-content%2Fuploads%2Fsites%2F43%2F2020%2F09%2F18%2FThe-Brunch-Box.jpg,184
Creamy Cheesecake,https://imagesvc.meredithcorp.io/v3/mm/image?url=https%3A%2F%2Fstatic.onecms.io%2Fwp-content%2Fuploads%2Fsites%2F43%2F2020%2F05%2F12%2F2321626.jpg,237
Nana's Southern Coleslaw,https://imagesvc.meredithcorp.io/v3/mm/image?url=https%3A%2F%2Fstatic.onecms.io%2Fwp-content%2Fuploads%2Fsites%2F43%2F2021%2F03%2F03%2F272704_vietnamese-lemongrass-beef-and-noodles_Kims-Cooking-Now-2000.jpg,233
Outrageous Warm Chicken Nacho Dip,https://imagesvc.meredithcorp.io/v3/mm/image?url=https%3A%2F%2Fstatic.onecms.io%2Fwp-content%2Fuploads%2Fsites%2F43%2F2020%2F05%2F13%2F376714.jpg,611
Chef John's Nashville Hot Chicken,https://imagesvc.meredithcorp.io/v3/mm/image?url=https%3A%2F%2Fstatic.onecms.io%2Fwp-content%2Fuploads%2Fsites%2F43%2F2020%2F05%2F01%2FQuick-and-Fresh-Gazpacho-by-Allrecipes-Magazine-2000.jpg,48
Ranch Dressing II,https://imagesvc.meredithcorp.io/v3/mm/image?url=https%3A%2F%2Fstatic.onecms.io%2Fwp-content%2Fuploads%2Fsites%2F43%2F2021%2F01%2F28%2F6549741-keto-lemon-garlic-chicken-thighs-in-the-air-fryer-photo-by-France-C-2000.jpg,1211
Beet Salad with Goat Cheese,https://imagesvc.meredithcorp.io/v3/mm/image?url=https%3A%2F%2Fstatic.onecms.io%2Fwp-content%2Fuploads%2Fsites%2F43%2F2020%2F04%2F29%2F2460282.jpg,383
Doc's Best Beef Jerky,https://imagesvc.meredithcorp.io/v3/mm/image?url=https%3A%2F%2Fstatic.onecms.io%2Fwp-content%2Fuploads%2Fsites%2F43%2F2020%2F05%2F18%2F4812691.jpg,320
Best Carrot Cake Ever,https://imagesvc.meredithcorp.io/v3/mm/image?url=https%3A%2F%2Fstatic.onecms.io%2Fwp-content%2Fuploads%2Fsites%2F43%2F2021%2F01%2F22%2F259900-pork-gyoza.png,1373
Creamy Chocolate Frosting,https://imagesvc.meredithcorp.io/v3/mm/image?url=https%3A%2F%2Fstatic.onecms.io%2Fwp-content%2Fuploads%2Fsites%2F43%2F2021%2F03%2F30%2FGettyImages-470797696-2000.jpg,1880
Brazilian Cheese Bread (Pao de Queijo),https://imagesvc.meredithcorp.io/v3/mm/image?url=https%3A%2F%2Fstatic.onecms.io%2Fwp-content%2Fuploads%2Fsites%2F43%2F2021%2F05%2F06%2FHow-to-Make-Air-Fryer-Eggplant-Parmesan.png,256
Crab Legs with Garlic Butter Sauce,https://imagesvc.meredithcorp.io/v3/mm/image?url=https%3A%2F%2Fstatic.onecms.io%2Fwp-content%2Fuploads%2Fsites%2F43%2F2020%2F07%2F22%2F1998178.jpg,157
Southern-Style Chocolate Gravy,https://imagesvc.meredithcorp.io/v3/mm/image?url=https%3A%2F%2Fstatic.onecms.io%2Fwp-content%2Fuploads%2Fsites%2F43%2F2020%2F09%2F17%2F666917_original-2000.jpg,178
Best Ever Crab Cakes,https://imagesvc.meredithcorp.io/v3/mm/image?url=https%3A%2F%2Fstatic.onecms.io%2Fwp-content%2Fuploads%2Fsites%2F43%2F2020%2F09%2F01%2F197357_original-2000.jpg,408
Refrigerator Dill Pickles,https://imagesvc.meredithcorp.io/v3/mm/image?url=https%3A%2F%2Fstatic.onecms.io%2Fwp-content%2Fuploads%2Fsites%2F43%2F-0001%2F11%2F30%2F115142.jpg,271
Creole Seasoning Blend,https://imagesvc.meredithcorp.io/v3/mm/image?url=https%3A%2F%2Fstatic.onecms.io%2Fwp-content%2Fuploads%2Fsites%2F43%2F2020%2F10%2F12%2FResizes_150_Strawberry-Caprese-Panzanella-2000.jpg,331
Easy Marinated Pork Tenderloin,https://imagesvc.meredithcorp.io/v3/mm/image?url=https%3A%2F%2Fstatic.onecms.io%2Fwp-content%2Fuploads%2Fsites%2F43%2F2020%2F12%2F17%2F245032-Sandy-Primavera-Casserole.jpg,578
Panna Cotta,https://imagesvc.meredithcorp.io/v3/mm/image?url=https%3A%2F%2Fstatic.onecms.io%2Fwp-content%2Fuploads%2Fsites%2F43%2F2020%2F05%2F15%2F4130104_carne-en-su-jugo-meat-in-its-juices_allrecipes.jpg,332
Praline Pecan French Toast Casserole,https://imagesvc.meredithcorp.io/v3/mm/image?url=https%3A%2F%2Fstatic.onecms.io%2Fwp-content%2Fuploads%2Fsites%2F43%2F2020%2F02%2Fimage-4-2000.jpeg,30
Cream Cheese Pound Cake III,https://imagesvc.meredithcorp.io/v3/mm/image?url=https%3A%2F%2Fstatic.onecms.io%2Fwp-content%2Fuploads%2Fsites%2F43%2F2020%2F04%2F01%2FEasy-Chorizo-Street-Tacos-by-Allrecipes-Magazine-2000.jpg,1239
Clone of a Cinnabon,https://imagesvc.meredithcorp.io/v3/mm/image?url=https%3A%2F%2Fstatic.onecms.io%2Fwp-content%2Fuploads%2Fsites%2F43%2F2020%2F08%2F05%2Fas20-sheet-sweet-and-spicy-jerk-shrimp-photo-by-carson-downing-resized.jpg,5860
Mini Cheesecakes I,https://imagesvc.meredithcorp.io/v3/mm/image?url=https%3A%2F%2Fstatic.onecms.io%2Fwp-content%2Fuploads%2Fsites%2F43%2F2021%2F04%2F05%2F176137-ancho-chipotle-salsa-linda2d.jpg,913
Baked Chicken Nuggets,https://imagesvc.meredithcorp.io/v3/mm/image?url=https%3A%2F%2Fstatic.onecms.io%2Fwp-content%2Fuploads%2Fsites%2F43%2F2021%2F03%2F03%2F108003-tomato-cornbread-salad-with-avocado-and-cilantro-jillian-kuhlmann.jpg,1245
Restaurant Style Beef and Broccoli,https://imagesvc.meredithcorp.io/v3/mm/image?url=https%3A%2F%2Fstatic.onecms.io%2Fwp-content%2Fuploads%2Fsites%2F43%2F2020%2F08%2F14%2FRussian-Honey-Cake-2000.jpg,829
Baked Mac and Cheese with Sour Cream and Cottage Cheese,https://imagesvc.meredithcorp.io/v3/mm/image?url=https%3A%2F%2Fstatic.onecms.io%2Fwp-content%2Fuploads%2Fsites%2F43%2F2020%2F09%2F18%2FThe-Brunch-Box.jpg,42
Best Chocolate Frosting,https://imagesvc.meredithcorp.io/v3/mm/image?url=https%3A%2F%2Fstatic.onecms.io%2Fwp-content%2Fuploads%2Fsites%2F43%2F2020%2F05%2F12%2F2321626.jpg,229
Homemade Black Bean Veggie Burgers,https://imagesvc.meredithcorp.io/v3/mm/image?url=https%3A%2F%2Fstatic.onecms.io%2Fwp-content%2Fuploads%2Fsites%2F43%2F2021%2F03%2F03%2F272704_vietnamese-lemongrass-beef-and-noodles_Kims-Cooking-Now-2000.jpg,2669
Cajun Chicken Pasta,https://imagesvc.meredithcorp.io/v3/mm/image?url=https%3A%2F%2Fstatic.onecms.io%2Fwp-content%2Fuploads%2Fsites%2F43%2F2020%2F05%2F13%2F376714.jpg,1835
Indian Chicken Curry II,https://imagesvc.meredithcorp.io/v3/mm/image?url=https%3A%2F%2Fstatic.onecms.io%2Fwp-content%2Fuploads%2Fsites%2F43%2F2020%2F05%2F01%2FQuick-and-Fresh-Gazpacho-by-Allrecipes-Magazine-2000.jpg,1043
Chewy Chocolate Cookies II,https://imagesvc.meredithcorp.io/v3/mm/image?url=https%3A%2F%2Fstatic.onecms.io%2Fwp-content%2Fuploads%2Fsites%2F43%2F2021%2F01%2F28%2F6549741-keto-lemon-garlic-chicken-thighs-in-the-air-fryer-photo-by-France-C-2000.jpg,434
Chicken Seasoning Blend,https://imagesvc.meredithcorp.io/v3/mm/image?url=https%3A%2F%2Fstatic.onecms.io%2Fwp-content%2Fuploads%2Fsites%2F43%2F2020%2F04%2F29%2F2460282.jpg,130
Angel Food Cake I,https://imagesvc.meredithcorp.io/v3/mm/image?url=https%3A%2F%2Fstatic.onecms.io%2Fwp-content%2Fuploads%2Fsites%2F43%2F2020%2F05%2F18%2F4812691.jpg,280
Chocolate Crinkles II,https://imagesvc.meredithcorp.io/v3/mm/image?url=https%3A%2F%2Fstatic.onecms.io%2Fwp-content%2Fuploads%2Fsites%2F43%2F2021%2F01%2F22%2F259900-pork-gyoza.png,1769
Sopapilla Cheesecake Pie,https://imagesvc.meredithcorp.io/v3/mm/image?url=https%3A%2F%2Fstatic.onecms.io%2Fwp-content%2Fuploads%2Fsites%2F43%2F2021%2F03%2F30%2FGettyImages-470797696-2000.jpg,1907
Three-Ingredient Baked Chicken Breasts,https://imagesvc.meredithcorp.io/v3/mm/image?url=https%3A%2F%2Fstatic.onecms.io%2Fwp-content%2Fuploads%2Fsites%2F43%2F2021%2F05%2F06%2FHow-to-Make-Air-Fryer-Eggplant-Parmesan.png,297
Easy Lemon Pepper Chicken Wings,https://imagesvc.meredithcorp.io/v3/mm/image?url=https%3A%2F%2Fstatic.onecms.io%2Fwp-content%2Fuploads%2Fsites%2F43%2F2020%2F07%2F22%2F1998178.jpg,77
Three-Cheese Cauliflower Casserole,https://imagesvc.meredithcorp.io/v3/mm/image?url=https%3A%2F%2Fstatic.onecms.io%2Fwp-content%2Fuploads%2Fsites%2F43%2F2020%2F09%2F17%2F666917_original-2000.jpg,3
Whiskey and Bacon Banana Bread,https://imagesvc.meredithcorp.io/v3/mm/image?url=https%3A%2F%2Fstatic.onecms.io%2Fwp-content%2Fuploads%2Fsites%2F43%2F2020%2F09%2F01%2F197357_original-2000.jpg,7
Ultimate Banana Muffins,https://imagesvc.meredithcorp.io/v3/mm/image?url=https%3A%2F%2Fstatic.onecms.io%2Fwp-content%2Fuploads%2Fsites%2F43%2F-0001%2F11%2F30%2F115142.jpg,255
